{
"meta":{"test_sets":[],"test_metrics":[],"learn_metrics":[{"best_value":"Min","name":"RMSE"}],"launch_mode":"Train","parameters":"","iteration_count":150,"learn_sets":["learn"],"name":"experiment"},
"iterations":[
{"learn":[12612.99014],"iteration":0,"passed_time":0.00257881148,"remaining_time":0.3842429105},
{"learn":[11609.13548],"iteration":1,"passed_time":0.004810094064,"remaining_time":0.3559469607},
{"learn":[10724.04589],"iteration":2,"passed_time":0.0070344268,"remaining_time":0.3446869132},
{"learn":[9950.845051],"iteration":3,"passed_time":0.009167660335,"remaining_time":0.3346196022},
{"learn":[9283.385916],"iteration":4,"passed_time":0.01133634739,"remaining_time":0.3287540743},
{"learn":[8706.315705],"iteration":5,"passed_time":0.01354810735,"remaining_time":0.3251545764},
{"learn":[8195.369177],"iteration":6,"passed_time":0.0161348769,"remaining_time":0.3296124852},
{"learn":[7750.458405],"iteration":7,"passed_time":0.01838535645,"remaining_time":0.326340077},
{"learn":[7382.799996],"iteration":8,"passed_time":0.02068524046,"remaining_time":0.3240687672},
{"learn":[7063.756467],"iteration":9,"passed_time":0.0228568853,"remaining_time":0.3199963942},
{"learn":[6791.113615],"iteration":10,"passed_time":0.02504606585,"remaining_time":0.3164911958},
{"learn":[6557.859973],"iteration":11,"passed_time":0.02717782918,"remaining_time":0.3125450356},
{"learn":[6364.900518],"iteration":12,"passed_time":0.02965631031,"remaining_time":0.3125318856},
{"learn":[6198.849193],"iteration":13,"passed_time":0.03199243722,"remaining_time":0.3107836758},
{"learn":[6059.887138],"iteration":14,"passed_time":0.03432476485,"remaining_time":0.3089228836},
{"learn":[5951.53923],"iteration":15,"passed_time":0.03684308147,"remaining_time":0.3085608073},
{"learn":[5860.042713],"iteration":16,"passed_time":0.03913029284,"remaining_time":0.3061369969},
{"learn":[5784.361794],"iteration":17,"passed_time":0.04138815991,"remaining_time":0.3035131727},
{"learn":[5717.920391],"iteration":18,"passed_time":0.04361987496,"remaining_time":0.300747559},
{"learn":[5669.89909],"iteration":19,"passed_time":0.04558300178,"remaining_time":0.2962895115},
{"learn":[5622.919587],"iteration":20,"passed_time":0.04771687619,"remaining_time":0.2931179538},
{"learn":[5584.65747],"iteration":21,"passed_time":0.04992244356,"remaining_time":0.2904578534},
{"learn":[5554.211999],"iteration":22,"passed_time":0.05209076241,"remaining_time":0.2876316011},
{"learn":[5526.188325],"iteration":23,"passed_time":0.05418969567,"remaining_time":0.2844959022},
{"learn":[5503.626446],"iteration":24,"passed_time":0.0563180175,"remaining_time":0.2815900875},
{"learn":[5483.463354],"iteration":25,"passed_time":0.05850501575,"remaining_time":0.2790239213},
{"learn":[5469.638073],"iteration":26,"passed_time":0.06084908422,"remaining_time":0.2772013837},
{"learn":[5460.32876],"iteration":27,"passed_time":0.06270529383,"remaining_time":0.2732159231},
{"learn":[5448.36013],"iteration":28,"passed_time":0.06481990354,"remaining_time":0.2704554596},
{"learn":[5438.613253],"iteration":29,"passed_time":0.06693959516,"remaining_time":0.2677583807},
{"learn":[5429.981001],"iteration":30,"passed_time":0.06912290703,"remaining_time":0.2653427722},
{"learn":[5421.00353],"iteration":31,"passed_time":0.07125777317,"remaining_time":0.2627630386},
{"learn":[5412.794822],"iteration":32,"passed_time":0.07357669957,"remaining_time":0.2608628439},
{"learn":[5405.824693],"iteration":33,"passed_time":0.07577492804,"remaining_time":0.2585262251},
{"learn":[5401.799708],"iteration":34,"passed_time":0.07803466566,"remaining_time":0.2563996157},
{"learn":[5397.552165],"iteration":35,"passed_time":0.08016186639,"remaining_time":0.2538459102},
{"learn":[5393.474728],"iteration":36,"passed_time":0.08233950409,"remaining_time":0.2514692963},
{"learn":[5388.172433],"iteration":37,"passed_time":0.0844050819,"remaining_time":0.248772873},
{"learn":[5384.984267],"iteration":38,"passed_time":0.08652788155,"remaining_time":0.2462716629},
{"learn":[5381.036712],"iteration":39,"passed_time":0.08887742184,"remaining_time":0.2444129101},
{"learn":[5377.123075],"iteration":40,"passed_time":0.09105492755,"remaining_time":0.2420728562},
{"learn":[5374.407807],"iteration":41,"passed_time":0.09320953341,"remaining_time":0.2396816573},
{"learn":[5372.404341],"iteration":42,"passed_time":0.09541407519,"remaining_time":0.237425722},
{"learn":[5370.17373],"iteration":43,"passed_time":0.0977472391,"remaining_time":0.2354819851},
{"learn":[5367.836346],"iteration":44,"passed_time":0.0998998372,"remaining_time":0.2330996201},
{"learn":[5365.416449],"iteration":45,"passed_time":0.1020828052,"remaining_time":0.2307959074},
{"learn":[5364.142724],"iteration":46,"passed_time":0.1045597788,"remaining_time":0.2291416428},
{"learn":[5361.723288],"iteration":47,"passed_time":0.1068569464,"remaining_time":0.2270710111},
{"learn":[5359.598118],"iteration":48,"passed_time":0.109127124,"remaining_time":0.2249355005},
{"learn":[5356.884511],"iteration":49,"passed_time":0.1112568865,"remaining_time":0.222513773},
{"learn":[5355.277599],"iteration":50,"passed_time":0.1136068106,"remaining_time":0.2205308677},
{"learn":[5353.670797],"iteration":51,"passed_time":0.1157795514,"remaining_time":0.2181999238},
{"learn":[5352.052405],"iteration":52,"passed_time":0.1179809739,"remaining_time":0.2159274427},
{"learn":[5350.367732],"iteration":53,"passed_time":0.1202346283,"remaining_time":0.2137504503},
{"learn":[5349.199604],"iteration":54,"passed_time":0.122557037,"remaining_time":0.2116894276},
{"learn":[5348.477792],"iteration":55,"passed_time":0.1248307039,"remaining_time":0.2095372529},
{"learn":[5347.347146],"iteration":56,"passed_time":0.127054447,"remaining_time":0.2072993608},
{"learn":[5346.623582],"iteration":57,"passed_time":0.1294062772,"remaining_time":0.2052651294},
{"learn":[5345.474009],"iteration":58,"passed_time":0.1315576466,"remaining_time":0.2029109464},
{"learn":[5344.445042],"iteration":59,"passed_time":0.1341668218,"remaining_time":0.2012502327},
{"learn":[5343.357028],"iteration":60,"passed_time":0.1365812311,"remaining_time":0.1992742553},
{"learn":[5343.200261],"iteration":61,"passed_time":0.1384331413,"remaining_time":0.1964857489},
{"learn":[5342.113978],"iteration":62,"passed_time":0.1406153511,"remaining_time":0.1941831039},
{"learn":[5341.454764],"iteration":63,"passed_time":0.1427988688,"remaining_time":0.19188598},
{"learn":[5340.554026],"iteration":64,"passed_time":0.1450923535,"remaining_time":0.1897361546},
{"learn":[5339.925225],"iteration":65,"passed_time":0.1474492675,"remaining_time":0.187662704},
{"learn":[5338.726919],"iteration":66,"passed_time":0.1495712083,"remaining_time":0.1852897058},
{"learn":[5338.03747],"iteration":67,"passed_time":0.1517927803,"remaining_time":0.1830442351},
{"learn":[5337.468167],"iteration":68,"passed_time":0.1541625632,"remaining_time":0.1809734437},
{"learn":[5336.087123],"iteration":69,"passed_time":0.1563818175,"remaining_time":0.1787220771},
{"learn":[5335.517609],"iteration":70,"passed_time":0.1586865715,"remaining_time":0.1765667486},
{"learn":[5334.796987],"iteration":71,"passed_time":0.1609511869,"remaining_time":0.1743637859},
{"learn":[5333.87296],"iteration":72,"passed_time":0.1633137854,"remaining_time":0.172262486},
{"learn":[5332.921697],"iteration":73,"passed_time":0.1654604758,"remaining_time":0.1699323805},
{"learn":[5332.358308],"iteration":74,"passed_time":0.1676402046,"remaining_time":0.1676402046},
{"learn":[5331.324918],"iteration":75,"passed_time":0.1698241956,"remaining_time":0.1653551378},
{"learn":[5330.600189],"iteration":76,"passed_time":0.1720598697,"remaining_time":0.1631216946},
{"learn":[5329.582465],"iteration":77,"passed_time":0.1742377966,"remaining_time":0.1608348892},
{"learn":[5329.242183],"iteration":78,"passed_time":0.1764876665,"remaining_time":0.1586154978},
{"learn":[5328.756959],"iteration":79,"passed_time":0.1787996726,"remaining_time":0.1564497135},
{"learn":[5328.209329],"iteration":80,"passed_time":0.1810805142,"remaining_time":0.1542537714},
{"learn":[5327.668478],"iteration":81,"passed_time":0.183380248,"remaining_time":0.1520714252},
{"learn":[5326.257755],"iteration":82,"passed_time":0.1856591982,"remaining_time":0.1498694732},
{"learn":[5325.654363],"iteration":83,"passed_time":0.1878283412,"remaining_time":0.1475794109},
{"learn":[5324.941531],"iteration":84,"passed_time":0.1900802579,"remaining_time":0.1453554914},
{"learn":[5323.877207],"iteration":85,"passed_time":0.1925789547,"remaining_time":0.1433145709},
{"learn":[5322.829033],"iteration":86,"passed_time":0.1947127119,"remaining_time":0.1409988603},
{"learn":[5322.308383],"iteration":87,"passed_time":0.196932957,"remaining_time":0.1387482197},
{"learn":[5322.00745],"iteration":88,"passed_time":0.1991566011,"remaining_time":0.1365005918},
{"learn":[5321.311031],"iteration":89,"passed_time":0.2013610769,"remaining_time":0.1342407179},
{"learn":[5319.919461],"iteration":90,"passed_time":0.2035498432,"remaining_time":0.1319718764},
{"learn":[5319.175676],"iteration":91,"passed_time":0.2057122013,"remaining_time":0.1296881269},
{"learn":[5318.200885],"iteration":92,"passed_time":0.2077939358,"remaining_time":0.1273575736},
{"learn":[5316.842503],"iteration":93,"passed_time":0.2100020997,"remaining_time":0.1251076339},
{"learn":[5315.359174],"iteration":94,"passed_time":0.2122049872,"remaining_time":0.1228555189},
{"learn":[5314.564713],"iteration":95,"passed_time":0.2144368559,"remaining_time":0.1206207315},
{"learn":[5313.707716],"iteration":96,"passed_time":0.2166019973,"remaining_time":0.1183495449},
{"learn":[5313.052009],"iteration":97,"passed_time":0.2187212703,"remaining_time":0.1160561843},
{"learn":[5312.435912],"iteration":98,"passed_time":0.2208753881,"remaining_time":0.1137842909},
{"learn":[5311.576712],"iteration":99,"passed_time":0.2229975686,"remaining_time":0.1114987843},
{"learn":[5310.972927],"iteration":100,"passed_time":0.2251741399,"remaining_time":0.1092428996},
{"learn":[5309.822815],"iteration":101,"passed_time":0.2273954193,"remaining_time":0.1070096091},
{"learn":[5309.013008],"iteration":102,"passed_time":0.2297099177,"remaining_time":0.1048190887},
{"learn":[5307.944106],"iteration":103,"passed_time":0.2319460261,"remaining_time":0.1025915115},
{"learn":[5307.37116],"iteration":104,"passed_time":0.2342454568,"remaining_time":0.10039091},
{"learn":[5306.681149],"iteration":105,"passed_time":0.2365494049,"remaining_time":0.09819031901},
{"learn":[5305.645807],"iteration":106,"passed_time":0.2387260483,"remaining_time":0.09593663623},
{"learn":[5304.679783],"iteration":107,"passed_time":0.2409087314,"remaining_time":0.09368672889},
{"learn":[5303.972616],"iteration":108,"passed_time":0.2430371236,"remaining_time":0.09141763365},
{"learn":[5303.404073],"iteration":109,"passed_time":0.2451670546,"remaining_time":0.08915165622},
{"learn":[5302.912057],"iteration":110,"passed_time":0.247268283,"remaining_time":0.08687804539},
{"learn":[5302.201439],"iteration":111,"passed_time":0.2495149842,"remaining_time":0.08465686963},
{"learn":[5301.310117],"iteration":112,"passed_time":0.2517966872,"remaining_time":0.0824467029},
{"learn":[5300.54399],"iteration":113,"passed_time":0.2540906782,"remaining_time":0.08023916155},
{"learn":[5299.622349],"iteration":114,"passed_time":0.2562729888,"remaining_time":0.07799612704},
{"learn":[5299.229922],"iteration":115,"passed_time":0.2583859772,"remaining_time":0.07573382092},
{"learn":[5298.800831],"iteration":116,"passed_time":0.2605598374,"remaining_time":0.07349123619},
{"learn":[5298.127838],"iteration":117,"passed_time":0.2627348169,"remaining_time":0.07125011984},
{"learn":[5297.73159],"iteration":118,"passed_time":0.2648793163,"remaining_time":0.06900217483},
{"learn":[5296.829048],"iteration":119,"passed_time":0.2671238368,"remaining_time":0.06678095921},
{"learn":[5296.233951],"iteration":120,"passed_time":0.2693712101,"remaining_time":0.06456004209},
{"learn":[5295.411035],"iteration":121,"passed_time":0.2716303424,"remaining_time":0.06234139007},
{"learn":[5294.810246],"iteration":122,"passed_time":0.2737818785,"remaining_time":0.06009846113},
{"learn":[5294.09667],"iteration":123,"passed_time":0.2759621779,"remaining_time":0.05786303729},
{"learn":[5293.363836],"iteration":124,"passed_time":0.2781550613,"remaining_time":0.05563101226},
{"learn":[5292.822639],"iteration":125,"passed_time":0.2804120721,"remaining_time":0.05341182326},
{"learn":[5292.350791],"iteration":126,"passed_time":0.2827737423,"remaining_time":0.0512109927},
{"learn":[5291.796369],"iteration":127,"passed_time":0.2849863898,"remaining_time":0.04898203574},
{"learn":[5291.127774],"iteration":128,"passed_time":0.2871337922,"remaining_time":0.04674271036},
{"learn":[5290.461847],"iteration":129,"passed_time":0.2893518151,"remaining_time":0.04451566386},
{"learn":[5289.729713],"iteration":130,"passed_time":0.2915379094,"remaining_time":0.04228412426},
{"learn":[5289.285538],"iteration":131,"passed_time":0.2936748345,"remaining_time":0.04004656834},
{"learn":[5288.706718],"iteration":132,"passed_time":0.2967165738,"remaining_time":0.0379261786},
{"learn":[5287.836146],"iteration":133,"passed_time":0.2994423221,"remaining_time":0.03575430711},
{"learn":[5287.161232],"iteration":134,"passed_time":0.3016232432,"remaining_time":0.03351369369},
{"learn":[5286.359523],"iteration":135,"passed_time":0.3038350674,"remaining_time":0.03127713929},
{"learn":[5285.589182],"iteration":136,"passed_time":0.3059931261,"remaining_time":0.02903584408},
{"learn":[5284.94604],"iteration":137,"passed_time":0.3082270938,"remaining_time":0.02680235598},
{"learn":[5284.305514],"iteration":138,"passed_time":0.3104830834,"remaining_time":0.02457060372},
{"learn":[5283.651094],"iteration":139,"passed_time":0.3126378516,"remaining_time":0.02233127511},
{"learn":[5283.133091],"iteration":140,"passed_time":0.3151182146,"remaining_time":0.02011392859},
{"learn":[5282.671864],"iteration":141,"passed_time":0.3172991982,"remaining_time":0.01787601117},
{"learn":[5282.158217],"iteration":142,"passed_time":0.3194558249,"remaining_time":0.01563769772},
{"learn":[5281.644913],"iteration":143,"passed_time":0.3215850299,"remaining_time":0.01339937625},
{"learn":[5281.002967],"iteration":144,"passed_time":0.3237937313,"remaining_time":0.01116530108},
{"learn":[5280.561506],"iteration":145,"passed_time":0.3259624288,"remaining_time":0.008930477501},
{"learn":[5279.984133],"iteration":146,"passed_time":0.3282786492,"remaining_time":0.00669956427},
{"learn":[5279.626398],"iteration":147,"passed_time":0.3305163893,"remaining_time":0.004466437693},
{"learn":[5279.050326],"iteration":148,"passed_time":0.3326011458,"remaining_time":0.002232222455},
{"learn":[5278.57772],"iteration":149,"passed_time":0.3347665017,"remaining_time":0}
]}